{
    "data": {
        "fieldCount": 0,
        "affectedRows": 1,
        "insertId": 8,
        "serverStatus": 2,
        "warningCount": 0,
        "message": "",
        "protocol41": true,
        "changedRows": 0
    },
    "status": 200,
    "statusText": "OK",
    "headers": {
        "content-length": "127",
        "content-type": "application/json; charset=utf-8"
    },
    "config": {
        "transitional": {
            "silentJSONParsing": true,
            "forcedJSONParsing": true,
            "clarifyTimeoutError": false
        },
        "adapter": [
            "xhr",
            "http",
            "fetch"
        ],
        "transformRequest": [
            null
        ],
        "transformResponse": [
            null
        ],
        "timeout": 0,
        "xsrfCookieName": "XSRF-TOKEN",
        "xsrfHeaderName": "X-XSRF-TOKEN",
        "maxContentLength": -1,
        "maxBodyLength": -1,
        "env": {},
        "headers": {
            "Accept": "application/json, text/plain, */*",
            "Content-Type": "application/json"
        },
        "method": "post",
        "url": "http://localhost:8081/register",
        "data": "{\"name\":\"muthu rama lingam\",\"email\":\"klgpsdf@gmail.com\",\"password\":\"123456789\",\"phone\":\"010238473\"}"
    },
    "request": {}
}